"Project","ScanDate","DependencyName","DependencyPath","Description","License","Md5","Sha1","Identifiers","CPE","CVE","CWE","Vulnerability","Source","CVSSv2_Severity","CVSSv2_Score","CVSSv2","CVSSv3_BaseSeverity","CVSSv3_BaseScore","CVSSv3","CPE Confidence","Evidence Count","VendorProject","Product","Name","DateAdded","ShortDescription","RequiredAction","DueDate","Notes"
demo,"Mon, 23 Dec 2024 05:40:18 GMT",commons-collections4-4.0.jar,/home/riashivani9/.m2/repository/org/apache/commons/commons-collections4/4.0/commons-collections4-4.0.jar,The Apache Commons Collections package contains types that extend and augment the Java Collections Framework.,http://www.apache.org/licenses/LICENSE-2.0.txt,a18f2d0153b5607dff8c5becbdd76dd1,da217367fd25e88df52ba79e47658d4cf928b0d1,pkg:maven/org.apache.commons/commons-collections4@4.0,cpe:2.3:a:apache:commons_collections:4.0:*:*:*:*:*:*:*,CVE-2015-6420,CWE-502 Deserialization of Untrusted Data,"Serialized-object interfaces in certain Cisco Collaboration and Social Media; Endpoint Clients and Client Software; Network Application, Service, and Acceleration; Network and Content Security Devices; Network Management and Provisioning; Routing and Switching - Enterprise and Service Provider; Unified Computing; Voice and Unified Communications Devices; Video, Streaming, TelePresence, and Transcoding Devices; Wireless; and Cisco Hosted Services products allow remote attackers to execute arbitrary commands via a crafted serialized Java object, related to the Apache Commons Collections (ACC) library.",NVD,HIGH,7.5,/AV:N/AC:L/Au:N/C:P/I:P/A:P,"","","",HIGH,99,"","","","","","","",""
demo,"Mon, 23 Dec 2024 05:40:18 GMT",jackson-databind-2.15.0.jar,/home/riashivani9/.m2/repository/com/fasterxml/jackson/core/jackson-databind/2.15.0/jackson-databind-2.15.0.jar,General data-binding functionality for Jackson: works on core streaming API,"The Apache Software License, Version 2.0: https://www.apache.org/licenses/LICENSE-2.0.txt",2cfab8609aef4ef886ec2c8f4167bb24,0d41caa3a4e9f85382702a059a65c512f85ac230,pkg:maven/com.fasterxml.jackson.core/jackson-databind@2.15.0,"cpe:2.3:a:fasterxml:jackson-databind:2.15.0:*:*:*:*:*:*:*, cpe:2.3:a:fasterxml:jackson-modules-java8:2.15.0:*:*:*:*:*:*:*",CVE-2023-35116,CWE-770 Allocation of Resources Without Limits or Throttling,"jackson-databind through 2.15.2 allows attackers to cause a denial of service or other unspecified impact via a crafted object that uses cyclic dependencies. NOTE: the vendor's perspective is that this is not a valid vulnerability report, because the steps of constructing a cyclic data structure and trying to serialize it cannot be achieved by an external attacker.",NVD,"","","",MEDIUM,4.7,CVSS:3.1/AV:L/AC:H/PR:L/UI:N/S:U/C:N/I:N/A:H/E:1.0/RC:R/MAV:A,HIGH,41,"","","","","","","",""
demo,"Mon, 23 Dec 2024 05:40:18 GMT",logback-classic-1.2.11.jar,/home/riashivani9/.m2/repository/ch/qos/logback/logback-classic/1.2.11/logback-classic-1.2.11.jar,logback-classic module,"http://www.eclipse.org/legal/epl-v10.html, http://www.gnu.org/licenses/old-licenses/lgpl-2.1.html",e13679004cc76ad5792f275f04884fab,4741689214e9d1e8408b206506cbe76d1c6a7d60,pkg:maven/ch.qos.logback/logback-classic@1.2.11,cpe:2.3:a:qos:logback:1.2.11:*:*:*:*:*:*:*,CVE-2023-6378,CWE-502 Deserialization of Untrusted Data,A serialization vulnerability in logback receiver component part of  logback version 1.4.11 allows an attacker to mount a Denial-Of-Service  attack by sending poisoned data.,NVD,"","","",HIGH,7.5,CVSS:3.1/AV:N/AC:L/PR:N/UI:N/S:U/C:N/I:N/A:H/E:3.9/RC:R/MAV:A,HIGH,33,"","","","","","","",""
demo,"Mon, 23 Dec 2024 05:40:18 GMT",logback-core-1.2.11.jar,/home/riashivani9/.m2/repository/ch/qos/logback/logback-core/1.2.11/logback-core-1.2.11.jar,logback-core module,"http://www.eclipse.org/legal/epl-v10.html, http://www.gnu.org/licenses/old-licenses/lgpl-2.1.html",115da115b5e66ef64e774ec35af1fb1a,a01230df5ca5c34540cdaa3ad5efb012f1f1f792,pkg:maven/ch.qos.logback/logback-core@1.2.11,cpe:2.3:a:qos:logback:1.2.11:*:*:*:*:*:*:*,CVE-2023-6378,CWE-502 Deserialization of Untrusted Data,A serialization vulnerability in logback receiver component part of  logback version 1.4.11 allows an attacker to mount a Denial-Of-Service  attack by sending poisoned data.,NVD,"","","",HIGH,7.5,CVSS:3.1/AV:N/AC:L/PR:N/UI:N/S:U/C:N/I:N/A:H/E:3.9/RC:R/MAV:A,HIGH,33,"","","","","","","",""
demo,"Mon, 23 Dec 2024 05:40:18 GMT",logback-core-1.2.11.jar,/home/riashivani9/.m2/repository/ch/qos/logback/logback-core/1.2.11/logback-core-1.2.11.jar,logback-core module,"http://www.eclipse.org/legal/epl-v10.html, http://www.gnu.org/licenses/old-licenses/lgpl-2.1.html",115da115b5e66ef64e774ec35af1fb1a,a01230df5ca5c34540cdaa3ad5efb012f1f1f792,pkg:maven/ch.qos.logback/logback-core@1.2.11,cpe:2.3:a:qos:logback:1.2.11:*:*:*:*:*:*:*,CVE-2024-12798,CWE-917 Improper Neutralization of Special Elements used in an Expression Language Statement ('Expression Language Injection'),"ACE vulnerability in JaninoEventEvaluator  by QOS.CH logback-core       upto and including version 1.5.12 in Java applications allows       attacker to execute arbitrary code by compromising an existing       logback configuration file or by injecting an environment variable       before program execution.      Malicious logback configuration files can allow the attacker to execute  arbitrary code using the JaninoEventEvaluator extension.    A successful attack requires the user to have write access to a  configuration file. Alternatively, the attacker could inject a malicious  environment variable pointing to a malicious configuration file. In both  cases, the attack requires existing privilege.",OSSINDEX,MEDIUM,5.900000095367432,CVSS:4.0/AV:L/AC:L/AT:P/PR:L/UI:P/VC:L/VI:H/VA:L/SC:L/SI:H/SA:L,"","","",HIGH,33,"","","","","","","",""
demo,"Mon, 23 Dec 2024 05:40:18 GMT",logback-core-1.2.11.jar,/home/riashivani9/.m2/repository/ch/qos/logback/logback-core/1.2.11/logback-core-1.2.11.jar,logback-core module,"http://www.eclipse.org/legal/epl-v10.html, http://www.gnu.org/licenses/old-licenses/lgpl-2.1.html",115da115b5e66ef64e774ec35af1fb1a,a01230df5ca5c34540cdaa3ad5efb012f1f1f792,pkg:maven/ch.qos.logback/logback-core@1.2.11,cpe:2.3:a:qos:logback:1.2.11:*:*:*:*:*:*:*,CVE-2024-12801,CWE-918 Server-Side Request Forgery (SSRF),"Server-Side Request Forgery (SSRF) in SaxEventRecorder by QOS.CH logback version 1.5.12 on the Java platform, allows an attacker to  forge requests by compromising logback configuration files in XML.    The attacks involves the modification of DOCTYPE declaration in  XML configuration files.  Sonatype's research suggests that this CVE's details differ from those defined at NVD. See https://ossindex.sonatype.org/vulnerability/CVE-2024-12801 for details",OSSINDEX,LOW,2.4000000953674316,CVSS:4.0/AV:L/AC:L/AT:P/PR:L/UI:P/VC:L/VI:N/VA:L/SC:H/SI:H/SA:H,"","","",HIGH,33,"","","","","","","",""
demo,"Mon, 23 Dec 2024 05:40:18 GMT",snakeyaml-1.30.jar,/home/riashivani9/.m2/repository/org/yaml/snakeyaml/1.30/snakeyaml-1.30.jar,YAML 1.1 parser and emitter for Java,"Apache License, Version 2.0: http://www.apache.org/licenses/LICENSE-2.0.txt",ba063b8ef3a8bfd591a1b56451166b14,8fde7fe2586328ac3c68db92045e1c8759125000,pkg:maven/org.yaml/snakeyaml@1.30,cpe:2.3:a:snakeyaml_project:snakeyaml:1.30:*:*:*:*:*:*:*,CVE-2022-1471,"CWE-502 Deserialization of Untrusted Data, CWE-20 Improper Input Validation",SnakeYaml's Constructor() class does not restrict types which can be instantiated during deserialization. Deserializing yaml content provided by an attacker can lead to remote code execution. We recommend using SnakeYaml's SafeConsturctor when parsing untrusted content to restrict deserialization. We recommend upgrading to version 2.0 and beyond.,NVD,"","","",CRITICAL,9.8,CVSS:3.1/AV:N/AC:L/PR:N/UI:N/S:U/C:H/I:H/A:H/E:3.9/RC:R/MAV:A,HIGH,44,"","","","","","","",""
demo,"Mon, 23 Dec 2024 05:40:18 GMT",snakeyaml-1.30.jar,/home/riashivani9/.m2/repository/org/yaml/snakeyaml/1.30/snakeyaml-1.30.jar,YAML 1.1 parser and emitter for Java,"Apache License, Version 2.0: http://www.apache.org/licenses/LICENSE-2.0.txt",ba063b8ef3a8bfd591a1b56451166b14,8fde7fe2586328ac3c68db92045e1c8759125000,pkg:maven/org.yaml/snakeyaml@1.30,cpe:2.3:a:snakeyaml_project:snakeyaml:1.30:*:*:*:*:*:*:*,CVE-2022-25857,CWE-776 Improper Restriction of Recursive Entity References in DTDs ('XML Entity Expansion'),The package org.yaml:snakeyaml from 0 and before 1.31 are vulnerable to Denial of Service (DoS) due missing to nested depth limitation for collections.,NVD,"","","",HIGH,7.5,CVSS:3.1/AV:N/AC:L/PR:N/UI:N/S:U/C:N/I:N/A:H/E:3.9/RC:R/MAV:A,HIGH,44,"","","","","","","",""
demo,"Mon, 23 Dec 2024 05:40:18 GMT",snakeyaml-1.30.jar,/home/riashivani9/.m2/repository/org/yaml/snakeyaml/1.30/snakeyaml-1.30.jar,YAML 1.1 parser and emitter for Java,"Apache License, Version 2.0: http://www.apache.org/licenses/LICENSE-2.0.txt",ba063b8ef3a8bfd591a1b56451166b14,8fde7fe2586328ac3c68db92045e1c8759125000,pkg:maven/org.yaml/snakeyaml@1.30,cpe:2.3:a:snakeyaml_project:snakeyaml:1.30:*:*:*:*:*:*:*,CVE-2022-38749,"CWE-787 Out-of-bounds Write, CWE-121 Stack-based Buffer Overflow","Using snakeYAML to parse untrusted YAML files may be vulnerable to Denial of Service attacks (DOS). If the parser is running on user supplied input, an attacker may supply content that causes the parser to crash by stackoverflow.",NVD,"","","",MEDIUM,6.5,CVSS:3.1/AV:N/AC:L/PR:L/UI:N/S:U/C:N/I:N/A:H/E:2.8/RC:R/MAV:A,HIGH,44,"","","","","","","",""
demo,"Mon, 23 Dec 2024 05:40:18 GMT",snakeyaml-1.30.jar,/home/riashivani9/.m2/repository/org/yaml/snakeyaml/1.30/snakeyaml-1.30.jar,YAML 1.1 parser and emitter for Java,"Apache License, Version 2.0: http://www.apache.org/licenses/LICENSE-2.0.txt",ba063b8ef3a8bfd591a1b56451166b14,8fde7fe2586328ac3c68db92045e1c8759125000,pkg:maven/org.yaml/snakeyaml@1.30,cpe:2.3:a:snakeyaml_project:snakeyaml:1.30:*:*:*:*:*:*:*,CVE-2022-38751,"CWE-787 Out-of-bounds Write, CWE-121 Stack-based Buffer Overflow","Using snakeYAML to parse untrusted YAML files may be vulnerable to Denial of Service attacks (DOS). If the parser is running on user supplied input, an attacker may supply content that causes the parser to crash by stackoverflow.",NVD,"","","",MEDIUM,6.5,CVSS:3.1/AV:N/AC:L/PR:L/UI:N/S:U/C:N/I:N/A:H/E:2.8/RC:R/MAV:A,HIGH,44,"","","","","","","",""
demo,"Mon, 23 Dec 2024 05:40:18 GMT",snakeyaml-1.30.jar,/home/riashivani9/.m2/repository/org/yaml/snakeyaml/1.30/snakeyaml-1.30.jar,YAML 1.1 parser and emitter for Java,"Apache License, Version 2.0: http://www.apache.org/licenses/LICENSE-2.0.txt",ba063b8ef3a8bfd591a1b56451166b14,8fde7fe2586328ac3c68db92045e1c8759125000,pkg:maven/org.yaml/snakeyaml@1.30,cpe:2.3:a:snakeyaml_project:snakeyaml:1.30:*:*:*:*:*:*:*,CVE-2022-38752,"CWE-787 Out-of-bounds Write, CWE-121 Stack-based Buffer Overflow","Using snakeYAML to parse untrusted YAML files may be vulnerable to Denial of Service attacks (DOS). If the parser is running on user supplied input, an attacker may supply content that causes the parser to crash by stack-overflow.",NVD,"","","",MEDIUM,6.5,CVSS:3.1/AV:N/AC:L/PR:L/UI:N/S:U/C:N/I:N/A:H/E:2.8/RC:R/MAV:A,HIGH,44,"","","","","","","",""
demo,"Mon, 23 Dec 2024 05:40:18 GMT",snakeyaml-1.30.jar,/home/riashivani9/.m2/repository/org/yaml/snakeyaml/1.30/snakeyaml-1.30.jar,YAML 1.1 parser and emitter for Java,"Apache License, Version 2.0: http://www.apache.org/licenses/LICENSE-2.0.txt",ba063b8ef3a8bfd591a1b56451166b14,8fde7fe2586328ac3c68db92045e1c8759125000,pkg:maven/org.yaml/snakeyaml@1.30,cpe:2.3:a:snakeyaml_project:snakeyaml:1.30:*:*:*:*:*:*:*,CVE-2022-41854,"CWE-787 Out-of-bounds Write, CWE-121 Stack-based Buffer Overflow","Those using Snakeyaml to parse untrusted YAML files may be vulnerable to Denial of Service attacks (DOS). If the parser is running on user supplied input, an attacker may supply content that causes the parser to crash by stack overflow. This effect may support a denial of service attack.",NVD,"","","",MEDIUM,6.5,CVSS:3.1/AV:N/AC:L/PR:N/UI:R/S:U/C:N/I:N/A:H/E:2.8/RC:R/MAV:A,HIGH,44,"","","","","","","",""
demo,"Mon, 23 Dec 2024 05:40:18 GMT",snakeyaml-1.30.jar,/home/riashivani9/.m2/repository/org/yaml/snakeyaml/1.30/snakeyaml-1.30.jar,YAML 1.1 parser and emitter for Java,"Apache License, Version 2.0: http://www.apache.org/licenses/LICENSE-2.0.txt",ba063b8ef3a8bfd591a1b56451166b14,8fde7fe2586328ac3c68db92045e1c8759125000,pkg:maven/org.yaml/snakeyaml@1.30,cpe:2.3:a:snakeyaml_project:snakeyaml:1.30:*:*:*:*:*:*:*,CVE-2022-38750,"CWE-787 Out-of-bounds Write, CWE-121 Stack-based Buffer Overflow","Using snakeYAML to parse untrusted YAML files may be vulnerable to Denial of Service attacks (DOS). If the parser is running on user supplied input, an attacker may supply content that causes the parser to crash by stackoverflow.",NVD,"","","",MEDIUM,5.5,CVSS:3.1/AV:L/AC:L/PR:N/UI:R/S:U/C:N/I:N/A:H/E:1.8/RC:R/MAV:A,HIGH,44,"","","","","","","",""
demo,"Mon, 23 Dec 2024 05:40:18 GMT",spring-boot-2.7.0.jar,/home/riashivani9/.m2/repository/org/springframework/boot/spring-boot/2.7.0/spring-boot-2.7.0.jar,Spring Boot,"Apache License, Version 2.0: https://www.apache.org/licenses/LICENSE-2.0",a9d81ee337f150880e28a07c95ce38c1,df8bd106d6c6a6494b787b71d23cef6d2dc73703,pkg:maven/org.springframework.boot/spring-boot@2.7.0,cpe:2.3:a:vmware:spring_boot:2.7.0:*:*:*:*:*:*:*,CVE-2023-20873,NVD-CWE-noinfo,"In Spring Boot versions 3.0.0 - 3.0.5, 2.7.0 - 2.7.10, and older unsupported versions, an application that is deployed to Cloud Foundry could be susceptible to a security bypass. Users of affected versions should apply the following mitigation: 3.0.x users should upgrade to 3.0.6+. 2.7.x users should upgrade to 2.7.11+. Users of older, unsupported versions should upgrade to 3.0.6+ or 2.7.11+.",NVD,"","","",CRITICAL,9.8,CVSS:3.1/AV:N/AC:L/PR:N/UI:N/S:U/C:H/I:H/A:H/E:3.9/RC:R/MAV:A,HIGH,38,"","","","","","","",""
demo,"Mon, 23 Dec 2024 05:40:18 GMT",spring-boot-2.7.0.jar,/home/riashivani9/.m2/repository/org/springframework/boot/spring-boot/2.7.0/spring-boot-2.7.0.jar,Spring Boot,"Apache License, Version 2.0: https://www.apache.org/licenses/LICENSE-2.0",a9d81ee337f150880e28a07c95ce38c1,df8bd106d6c6a6494b787b71d23cef6d2dc73703,pkg:maven/org.springframework.boot/spring-boot@2.7.0,cpe:2.3:a:vmware:spring_boot:2.7.0:*:*:*:*:*:*:*,CVE-2023-20883,CWE-400 Uncontrolled Resource Consumption,"In Spring Boot versions 3.0.0 - 3.0.6, 2.7.0 - 2.7.11, 2.6.0 - 2.6.14, 2.5.0 - 2.5.14 and older unsupported versions, there is potential for a denial-of-service (DoS) attack if Spring MVC is used together with a reverse proxy cache.",NVD,"","","",HIGH,7.5,CVSS:3.1/AV:N/AC:L/PR:N/UI:N/S:U/C:N/I:N/A:H/E:3.9/RC:R/MAV:A,HIGH,38,"","","","","","","",""
demo,"Mon, 23 Dec 2024 05:40:18 GMT",spring-boot-2.7.0.jar,/home/riashivani9/.m2/repository/org/springframework/boot/spring-boot/2.7.0/spring-boot-2.7.0.jar,Spring Boot,"Apache License, Version 2.0: https://www.apache.org/licenses/LICENSE-2.0",a9d81ee337f150880e28a07c95ce38c1,df8bd106d6c6a6494b787b71d23cef6d2dc73703,pkg:maven/org.springframework.boot/spring-boot@2.7.0,cpe:2.3:a:vmware:spring_boot:2.7.0:*:*:*:*:*:*:*,CVE-2023-34055,NVD-CWE-noinfo,"In Spring Boot versions 2.7.0 - 2.7.17, 3.0.0-3.0.12 and 3.1.0-3.1.5, it is possible for a user to provide specially crafted HTTP requests that may cause a denial-of-service (DoS) condition.  Specifically, an application is vulnerable when all of the following are true:    *  the application uses Spring MVC or Spring WebFlux   *  org.springframework.boot:spring-boot-actuator is on the classpath",NVD,"","","",MEDIUM,6.5,CVSS:3.1/AV:N/AC:L/PR:L/UI:N/S:U/C:N/I:N/A:H/E:2.8/RC:R/MAV:A,HIGH,38,"","","","","","","",""
demo,"Mon, 23 Dec 2024 05:40:18 GMT",spring-boot-starter-web-2.7.0.jar,/home/riashivani9/.m2/repository/org/springframework/boot/spring-boot-starter-web/2.7.0/spring-boot-starter-web-2.7.0.jar,"Starter for building web, including RESTful, applications using Spring MVC. Uses Tomcat as the default embedded container","Apache License, Version 2.0: https://www.apache.org/licenses/LICENSE-2.0",53454d2e0b845e001a7c5fc654e542a6,7bf2381d030023970b5375c1090545e480467aa1,pkg:maven/org.springframework.boot/spring-boot-starter-web@2.7.0,"cpe:2.3:a:vmware:spring_boot:2.7.0:*:*:*:*:*:*:*, cpe:2.3:a:web_project:web:2.7.0:*:*:*:*:*:*:*",CVE-2023-20873,NVD-CWE-noinfo,"In Spring Boot versions 3.0.0 - 3.0.5, 2.7.0 - 2.7.10, and older unsupported versions, an application that is deployed to Cloud Foundry could be susceptible to a security bypass. Users of affected versions should apply the following mitigation: 3.0.x users should upgrade to 3.0.6+. 2.7.x users should upgrade to 2.7.11+. Users of older, unsupported versions should upgrade to 3.0.6+ or 2.7.11+.",NVD,"","","",CRITICAL,9.8,CVSS:3.1/AV:N/AC:L/PR:N/UI:N/S:U/C:H/I:H/A:H/E:3.9/RC:R/MAV:A,HIGH,36,"","","","","","","",""
demo,"Mon, 23 Dec 2024 05:40:18 GMT",spring-boot-starter-web-2.7.0.jar,/home/riashivani9/.m2/repository/org/springframework/boot/spring-boot-starter-web/2.7.0/spring-boot-starter-web-2.7.0.jar,"Starter for building web, including RESTful, applications using Spring MVC. Uses Tomcat as the default embedded container","Apache License, Version 2.0: https://www.apache.org/licenses/LICENSE-2.0",53454d2e0b845e001a7c5fc654e542a6,7bf2381d030023970b5375c1090545e480467aa1,pkg:maven/org.springframework.boot/spring-boot-starter-web@2.7.0,"cpe:2.3:a:vmware:spring_boot:2.7.0:*:*:*:*:*:*:*, cpe:2.3:a:web_project:web:2.7.0:*:*:*:*:*:*:*",CVE-2023-20883,CWE-400 Uncontrolled Resource Consumption,"In Spring Boot versions 3.0.0 - 3.0.6, 2.7.0 - 2.7.11, 2.6.0 - 2.6.14, 2.5.0 - 2.5.14 and older unsupported versions, there is potential for a denial-of-service (DoS) attack if Spring MVC is used together with a reverse proxy cache.",NVD,"","","",HIGH,7.5,CVSS:3.1/AV:N/AC:L/PR:N/UI:N/S:U/C:N/I:N/A:H/E:3.9/RC:R/MAV:A,HIGH,36,"","","","","","","",""
demo,"Mon, 23 Dec 2024 05:40:18 GMT",spring-boot-starter-web-2.7.0.jar,/home/riashivani9/.m2/repository/org/springframework/boot/spring-boot-starter-web/2.7.0/spring-boot-starter-web-2.7.0.jar,"Starter for building web, including RESTful, applications using Spring MVC. Uses Tomcat as the default embedded container","Apache License, Version 2.0: https://www.apache.org/licenses/LICENSE-2.0",53454d2e0b845e001a7c5fc654e542a6,7bf2381d030023970b5375c1090545e480467aa1,pkg:maven/org.springframework.boot/spring-boot-starter-web@2.7.0,"cpe:2.3:a:vmware:spring_boot:2.7.0:*:*:*:*:*:*:*, cpe:2.3:a:web_project:web:2.7.0:*:*:*:*:*:*:*",CVE-2023-34055,NVD-CWE-noinfo,"In Spring Boot versions 2.7.0 - 2.7.17, 3.0.0-3.0.12 and 3.1.0-3.1.5, it is possible for a user to provide specially crafted HTTP requests that may cause a denial-of-service (DoS) condition.  Specifically, an application is vulnerable when all of the following are true:    *  the application uses Spring MVC or Spring WebFlux   *  org.springframework.boot:spring-boot-actuator is on the classpath",NVD,"","","",MEDIUM,6.5,CVSS:3.1/AV:N/AC:L/PR:L/UI:N/S:U/C:N/I:N/A:H/E:2.8/RC:R/MAV:A,HIGH,36,"","","","","","","",""
demo,"Mon, 23 Dec 2024 05:40:18 GMT",spring-core-5.3.20.jar,/home/riashivani9/.m2/repository/org/springframework/spring-core/5.3.20/spring-core-5.3.20.jar,Spring Core,"Apache License, Version 2.0: https://www.apache.org/licenses/LICENSE-2.0",2716746463c37172898010391db93ef2,4b88aa3c401ede3d6c8ac78ea0c646cf326ec24b,pkg:maven/org.springframework/spring-core@5.3.20,"cpe:2.3:a:pivotal_software:spring_framework:5.3.20:*:*:*:*:*:*:*, cpe:2.3:a:springsource:spring_framework:5.3.20:*:*:*:*:*:*:*, cpe:2.3:a:vmware:spring_framework:5.3.20:*:*:*:*:*:*:*",CVE-2023-20860,NVD-CWE-noinfo,"Spring Framework running version 6.0.0 - 6.0.6 or 5.3.0 - 5.3.25 using ""**"" as a pattern in Spring Security configuration with the mvcRequestMatcher creates a mismatch in pattern matching between Spring Security and Spring MVC, and the potential for a security bypass.",NVD,"","","",HIGH,7.5,CVSS:3.1/AV:N/AC:L/PR:N/UI:N/S:U/C:N/I:H/A:N/E:3.9/RC:R/MAV:A,HIGH,37,"","","","","","","",""
demo,"Mon, 23 Dec 2024 05:40:18 GMT",spring-core-5.3.20.jar,/home/riashivani9/.m2/repository/org/springframework/spring-core/5.3.20/spring-core-5.3.20.jar,Spring Core,"Apache License, Version 2.0: https://www.apache.org/licenses/LICENSE-2.0",2716746463c37172898010391db93ef2,4b88aa3c401ede3d6c8ac78ea0c646cf326ec24b,pkg:maven/org.springframework/spring-core@5.3.20,"cpe:2.3:a:pivotal_software:spring_framework:5.3.20:*:*:*:*:*:*:*, cpe:2.3:a:springsource:spring_framework:5.3.20:*:*:*:*:*:*:*, cpe:2.3:a:vmware:spring_framework:5.3.20:*:*:*:*:*:*:*",CVE-2023-20861,NVD-CWE-noinfo,"In Spring Framework versions 6.0.0 - 6.0.6, 5.3.0 - 5.3.25, 5.2.0.RELEASE - 5.2.22.RELEASE, and older unsupported versions, it is possible for a user to provide a specially crafted SpEL expression that may cause a denial-of-service (DoS) condition.",NVD,"","","",MEDIUM,6.5,CVSS:3.1/AV:N/AC:L/PR:L/UI:N/S:U/C:N/I:N/A:H/E:2.8/RC:R/MAV:A,HIGH,37,"","","","","","","",""
demo,"Mon, 23 Dec 2024 05:40:18 GMT",spring-core-5.3.20.jar,/home/riashivani9/.m2/repository/org/springframework/spring-core/5.3.20/spring-core-5.3.20.jar,Spring Core,"Apache License, Version 2.0: https://www.apache.org/licenses/LICENSE-2.0",2716746463c37172898010391db93ef2,4b88aa3c401ede3d6c8ac78ea0c646cf326ec24b,pkg:maven/org.springframework/spring-core@5.3.20,"cpe:2.3:a:pivotal_software:spring_framework:5.3.20:*:*:*:*:*:*:*, cpe:2.3:a:springsource:spring_framework:5.3.20:*:*:*:*:*:*:*, cpe:2.3:a:vmware:spring_framework:5.3.20:*:*:*:*:*:*:*",CVE-2023-20863,"CWE-400 Uncontrolled Resource Consumption, CWE-917 Improper Neutralization of Special Elements used in an Expression Language Statement ('Expression Language Injection')","In spring framework versions prior to 5.2.24 release+ ,5.3.27+ and 6.0.8+ , it is possible for a user to provide a specially crafted SpEL expression that may cause a denial-of-service (DoS) condition.",NVD,"","","",MEDIUM,6.5,CVSS:3.1/AV:N/AC:L/PR:L/UI:N/S:U/C:N/I:N/A:H/E:2.8/RC:R/MAV:A,HIGH,37,"","","","","","","",""
demo,"Mon, 23 Dec 2024 05:40:18 GMT",spring-core-5.3.20.jar,/home/riashivani9/.m2/repository/org/springframework/spring-core/5.3.20/spring-core-5.3.20.jar,Spring Core,"Apache License, Version 2.0: https://www.apache.org/licenses/LICENSE-2.0",2716746463c37172898010391db93ef2,4b88aa3c401ede3d6c8ac78ea0c646cf326ec24b,pkg:maven/org.springframework/spring-core@5.3.20,"cpe:2.3:a:pivotal_software:spring_framework:5.3.20:*:*:*:*:*:*:*, cpe:2.3:a:springsource:spring_framework:5.3.20:*:*:*:*:*:*:*, cpe:2.3:a:vmware:spring_framework:5.3.20:*:*:*:*:*:*:*",CVE-2024-38820,"NVD-CWE-noinfo, CWE-178 Improper Handling of Case Sensitivity","The fix for CVE-2022-22968 made disallowedFields patterns in DataBinder case insensitive. However, String.toLowerCase() has some Locale dependent exceptions that could potentially result in fields not protected as expected.",NVD,"","","",MEDIUM,5.3,CVSS:3.1/AV:N/AC:L/PR:N/UI:N/S:U/C:N/I:L/A:N/E:3.9/RC:R/MAV:A,HIGH,37,"","","","","","","",""
demo,"Mon, 23 Dec 2024 05:40:18 GMT",spring-expression-5.3.20.jar,/home/riashivani9/.m2/repository/org/springframework/spring-expression/5.3.20/spring-expression-5.3.20.jar,Spring Expression Language (SpEL),"Apache License, Version 2.0: https://www.apache.org/licenses/LICENSE-2.0",b37937ea560f8801a31217b93484681f,20e179f0dfabf0a46428f22c2150c9c4850fd15d,pkg:maven/org.springframework/spring-expression@5.3.20,"cpe:2.3:a:pivotal_software:spring_framework:5.3.20:*:*:*:*:*:*:*, cpe:2.3:a:springsource:spring_framework:5.3.20:*:*:*:*:*:*:*, cpe:2.3:a:vmware:spring_framework:5.3.20:*:*:*:*:*:*:*",CVE-2023-20860,NVD-CWE-noinfo,"Spring Framework running version 6.0.0 - 6.0.6 or 5.3.0 - 5.3.25 using ""**"" as a pattern in Spring Security configuration with the mvcRequestMatcher creates a mismatch in pattern matching between Spring Security and Spring MVC, and the potential for a security bypass.",NVD,"","","",HIGH,7.5,CVSS:3.1/AV:N/AC:L/PR:N/UI:N/S:U/C:N/I:H/A:N/E:3.9/RC:R/MAV:A,HIGH,37,"","","","","","","",""
demo,"Mon, 23 Dec 2024 05:40:18 GMT",spring-expression-5.3.20.jar,/home/riashivani9/.m2/repository/org/springframework/spring-expression/5.3.20/spring-expression-5.3.20.jar,Spring Expression Language (SpEL),"Apache License, Version 2.0: https://www.apache.org/licenses/LICENSE-2.0",b37937ea560f8801a31217b93484681f,20e179f0dfabf0a46428f22c2150c9c4850fd15d,pkg:maven/org.springframework/spring-expression@5.3.20,"cpe:2.3:a:pivotal_software:spring_framework:5.3.20:*:*:*:*:*:*:*, cpe:2.3:a:springsource:spring_framework:5.3.20:*:*:*:*:*:*:*, cpe:2.3:a:vmware:spring_framework:5.3.20:*:*:*:*:*:*:*",CVE-2023-20861,NVD-CWE-noinfo,"In Spring Framework versions 6.0.0 - 6.0.6, 5.3.0 - 5.3.25, 5.2.0.RELEASE - 5.2.22.RELEASE, and older unsupported versions, it is possible for a user to provide a specially crafted SpEL expression that may cause a denial-of-service (DoS) condition.",NVD,"","","",MEDIUM,6.5,CVSS:3.1/AV:N/AC:L/PR:L/UI:N/S:U/C:N/I:N/A:H/E:2.8/RC:R/MAV:A,HIGH,37,"","","","","","","",""
demo,"Mon, 23 Dec 2024 05:40:18 GMT",spring-expression-5.3.20.jar,/home/riashivani9/.m2/repository/org/springframework/spring-expression/5.3.20/spring-expression-5.3.20.jar,Spring Expression Language (SpEL),"Apache License, Version 2.0: https://www.apache.org/licenses/LICENSE-2.0",b37937ea560f8801a31217b93484681f,20e179f0dfabf0a46428f22c2150c9c4850fd15d,pkg:maven/org.springframework/spring-expression@5.3.20,"cpe:2.3:a:pivotal_software:spring_framework:5.3.20:*:*:*:*:*:*:*, cpe:2.3:a:springsource:spring_framework:5.3.20:*:*:*:*:*:*:*, cpe:2.3:a:vmware:spring_framework:5.3.20:*:*:*:*:*:*:*",CVE-2023-20863,"CWE-400 Uncontrolled Resource Consumption, CWE-917 Improper Neutralization of Special Elements used in an Expression Language Statement ('Expression Language Injection')","In spring framework versions prior to 5.2.24 release+ ,5.3.27+ and 6.0.8+ , it is possible for a user to provide a specially crafted SpEL expression that may cause a denial-of-service (DoS) condition.",NVD,"","","",MEDIUM,6.5,CVSS:3.1/AV:N/AC:L/PR:L/UI:N/S:U/C:N/I:N/A:H/E:2.8/RC:R/MAV:A,HIGH,37,"","","","","","","",""
demo,"Mon, 23 Dec 2024 05:40:18 GMT",spring-expression-5.3.20.jar,/home/riashivani9/.m2/repository/org/springframework/spring-expression/5.3.20/spring-expression-5.3.20.jar,Spring Expression Language (SpEL),"Apache License, Version 2.0: https://www.apache.org/licenses/LICENSE-2.0",b37937ea560f8801a31217b93484681f,20e179f0dfabf0a46428f22c2150c9c4850fd15d,pkg:maven/org.springframework/spring-expression@5.3.20,"cpe:2.3:a:pivotal_software:spring_framework:5.3.20:*:*:*:*:*:*:*, cpe:2.3:a:springsource:spring_framework:5.3.20:*:*:*:*:*:*:*, cpe:2.3:a:vmware:spring_framework:5.3.20:*:*:*:*:*:*:*",CVE-2024-38808,CWE-770 Allocation of Resources Without Limits or Throttling,"In Spring Framework versions 5.3.0 - 5.3.38 and older unsupported versions, it is possible for a user to provide a specially crafted Spring Expression Language (SpEL) expression that may cause a denial of service (DoS) condition.  Specifically, an application is vulnerable when the following is true:    *  The application evaluates user-supplied SpEL expressions.  Sonatype's research suggests that this CVE's details differ from those defined at NVD. See https://ossindex.sonatype.org/vulnerability/CVE-2024-38808 for details",OSSINDEX,MEDIUM,5.300000190734863,CVSS:4.0/AV:N/AC:L/AT:N/PR:N/UI:P/VC:N/VI:N/VA:L/SC:N/SI:N/SA:N,"","","",HIGH,37,"","","","","","","",""
demo,"Mon, 23 Dec 2024 05:40:18 GMT",spring-expression-5.3.20.jar,/home/riashivani9/.m2/repository/org/springframework/spring-expression/5.3.20/spring-expression-5.3.20.jar,Spring Expression Language (SpEL),"Apache License, Version 2.0: https://www.apache.org/licenses/LICENSE-2.0",b37937ea560f8801a31217b93484681f,20e179f0dfabf0a46428f22c2150c9c4850fd15d,pkg:maven/org.springframework/spring-expression@5.3.20,"cpe:2.3:a:pivotal_software:spring_framework:5.3.20:*:*:*:*:*:*:*, cpe:2.3:a:springsource:spring_framework:5.3.20:*:*:*:*:*:*:*, cpe:2.3:a:vmware:spring_framework:5.3.20:*:*:*:*:*:*:*",CVE-2024-38820,"NVD-CWE-noinfo, CWE-178 Improper Handling of Case Sensitivity","The fix for CVE-2022-22968 made disallowedFields patterns in DataBinder case insensitive. However, String.toLowerCase() has some Locale dependent exceptions that could potentially result in fields not protected as expected.",NVD,"","","",MEDIUM,5.3,CVSS:3.1/AV:N/AC:L/PR:N/UI:N/S:U/C:N/I:L/A:N/E:3.9/RC:R/MAV:A,HIGH,37,"","","","","","","",""
demo,"Mon, 23 Dec 2024 05:40:18 GMT",spring-web-5.3.20.jar,/home/riashivani9/.m2/repository/org/springframework/spring-web/5.3.20/spring-web-5.3.20.jar,Spring Web,"Apache License, Version 2.0: https://www.apache.org/licenses/LICENSE-2.0",25d3b11e5febb6c3d06a68b8e07a7e2f,3c2fe9363760d62d5b7c9f087bb4255e3377a0b2,pkg:maven/org.springframework/spring-web@5.3.20,"cpe:2.3:a:pivotal_software:spring_framework:5.3.20:*:*:*:*:*:*:*, cpe:2.3:a:springsource:spring_framework:5.3.20:*:*:*:*:*:*:*, cpe:2.3:a:vmware:spring_framework:5.3.20:*:*:*:*:*:*:*, cpe:2.3:a:web_project:web:5.3.20:*:*:*:*:*:*:*",CVE-2016-1000027,CWE-502 Deserialization of Untrusted Data,"Pivotal Spring Framework through 5.3.16 suffers from a potential remote code execution (RCE) issue if used for Java deserialization of untrusted data. Depending on how the library is implemented within a product, this issue may or not occur, and authentication may be required. NOTE: the vendor's position is that untrusted data is not an intended use case. The product's behavior will not be changed because some users rely on deserialization of trusted data.",NVD,HIGH,7.5,/AV:N/AC:L/Au:N/C:P/I:P/A:P,CRITICAL,9.8,CVSS:3.1/AV:N/AC:L/PR:N/UI:N/S:U/C:H/I:H/A:H/E:3.9/RC:R/MAV:A,HIGH,35,"","","","","","","",""
demo,"Mon, 23 Dec 2024 05:40:18 GMT",spring-web-5.3.20.jar,/home/riashivani9/.m2/repository/org/springframework/spring-web/5.3.20/spring-web-5.3.20.jar,Spring Web,"Apache License, Version 2.0: https://www.apache.org/licenses/LICENSE-2.0",25d3b11e5febb6c3d06a68b8e07a7e2f,3c2fe9363760d62d5b7c9f087bb4255e3377a0b2,pkg:maven/org.springframework/spring-web@5.3.20,"cpe:2.3:a:pivotal_software:spring_framework:5.3.20:*:*:*:*:*:*:*, cpe:2.3:a:springsource:spring_framework:5.3.20:*:*:*:*:*:*:*, cpe:2.3:a:vmware:spring_framework:5.3.20:*:*:*:*:*:*:*, cpe:2.3:a:web_project:web:5.3.20:*:*:*:*:*:*:*",CVE-2024-38809,CWE-400 Uncontrolled Resource Consumption,"Applications that parse ETags from ""If-Match"" or ""If-None-Match"" request headers are vulnerable to DoS attack.  Users of affected versions should upgrade to the corresponding fixed version.  Users of older, unsupported versions could enforce a size limit on ""If-Match"" and ""If-None-Match"" headers, e.g. through a Filter.",OSSINDEX,HIGH,8.699999809265137,CVSS:4.0/AV:N/AC:L/AT:N/PR:N/UI:N/VC:N/VI:N/VA:H/SC:N/SI:N/SA:N,"","","",HIGH,35,"","","","","","","",""
demo,"Mon, 23 Dec 2024 05:40:18 GMT",spring-web-5.3.20.jar,/home/riashivani9/.m2/repository/org/springframework/spring-web/5.3.20/spring-web-5.3.20.jar,Spring Web,"Apache License, Version 2.0: https://www.apache.org/licenses/LICENSE-2.0",25d3b11e5febb6c3d06a68b8e07a7e2f,3c2fe9363760d62d5b7c9f087bb4255e3377a0b2,pkg:maven/org.springframework/spring-web@5.3.20,"cpe:2.3:a:pivotal_software:spring_framework:5.3.20:*:*:*:*:*:*:*, cpe:2.3:a:springsource:spring_framework:5.3.20:*:*:*:*:*:*:*, cpe:2.3:a:vmware:spring_framework:5.3.20:*:*:*:*:*:*:*, cpe:2.3:a:web_project:web:5.3.20:*:*:*:*:*:*:*",CVE-2024-22243,CWE-601 URL Redirection to Untrusted Site ('Open Redirect'),Applications that use UriComponentsBuilder to parse an externally provided URL (e.g. through a query parameter) AND perform validation checks on the host of the parsed URL may be vulnerable to a  open redirect https://cwe.mitre.org/data/definitions/601.html  attack or to a SSRF attack if the URL is used after passing validation checks.   Sonatype's research suggests that this CVE's details differ from those defined at NVD. See https://ossindex.sonatype.org/vulnerability/CVE-2024-22243 for details,OSSINDEX,"","","",HIGH,8.100000381469727,CVSS:3.1/AV:N/AC:L/PR:N/UI:R/S:U/C:H/I:H/A:N,HIGH,35,"","","","","","","",""
demo,"Mon, 23 Dec 2024 05:40:18 GMT",spring-web-5.3.20.jar,/home/riashivani9/.m2/repository/org/springframework/spring-web/5.3.20/spring-web-5.3.20.jar,Spring Web,"Apache License, Version 2.0: https://www.apache.org/licenses/LICENSE-2.0",25d3b11e5febb6c3d06a68b8e07a7e2f,3c2fe9363760d62d5b7c9f087bb4255e3377a0b2,pkg:maven/org.springframework/spring-web@5.3.20,"cpe:2.3:a:pivotal_software:spring_framework:5.3.20:*:*:*:*:*:*:*, cpe:2.3:a:springsource:spring_framework:5.3.20:*:*:*:*:*:*:*, cpe:2.3:a:vmware:spring_framework:5.3.20:*:*:*:*:*:*:*, cpe:2.3:a:web_project:web:5.3.20:*:*:*:*:*:*:*",CVE-2024-22262,CWE-601 URL Redirection to Untrusted Site ('Open Redirect'),"Applications that use UriComponentsBuilder to parse an externally provided URL (e.g. through a query parameter) AND perform validation checks on the host of the parsed URL may be vulnerable to a  open redirect https://cwe.mitre.org/data/definitions/601.html  attack or to a SSRF attack if the URL is used after passing validation checks.  This is the same as  CVE-2024-22259 https://spring.io/security/cve-2024-22259  and  CVE-2024-22243 https://spring.io/security/cve-2024-22243 , but with different input.",OSSINDEX,"","","",HIGH,8.100000381469727,CVSS:3.1/AV:N/AC:L/PR:N/UI:R/S:U/C:H/I:H/A:N,HIGH,35,"","","","","","","",""
demo,"Mon, 23 Dec 2024 05:40:18 GMT",spring-web-5.3.20.jar,/home/riashivani9/.m2/repository/org/springframework/spring-web/5.3.20/spring-web-5.3.20.jar,Spring Web,"Apache License, Version 2.0: https://www.apache.org/licenses/LICENSE-2.0",25d3b11e5febb6c3d06a68b8e07a7e2f,3c2fe9363760d62d5b7c9f087bb4255e3377a0b2,pkg:maven/org.springframework/spring-web@5.3.20,"cpe:2.3:a:pivotal_software:spring_framework:5.3.20:*:*:*:*:*:*:*, cpe:2.3:a:springsource:spring_framework:5.3.20:*:*:*:*:*:*:*, cpe:2.3:a:vmware:spring_framework:5.3.20:*:*:*:*:*:*:*, cpe:2.3:a:web_project:web:5.3.20:*:*:*:*:*:*:*",CVE-2023-20860,NVD-CWE-noinfo,"Spring Framework running version 6.0.0 - 6.0.6 or 5.3.0 - 5.3.25 using ""**"" as a pattern in Spring Security configuration with the mvcRequestMatcher creates a mismatch in pattern matching between Spring Security and Spring MVC, and the potential for a security bypass.",NVD,"","","",HIGH,7.5,CVSS:3.1/AV:N/AC:L/PR:N/UI:N/S:U/C:N/I:H/A:N/E:3.9/RC:R/MAV:A,HIGH,35,"","","","","","","",""
demo,"Mon, 23 Dec 2024 05:40:18 GMT",spring-web-5.3.20.jar,/home/riashivani9/.m2/repository/org/springframework/spring-web/5.3.20/spring-web-5.3.20.jar,Spring Web,"Apache License, Version 2.0: https://www.apache.org/licenses/LICENSE-2.0",25d3b11e5febb6c3d06a68b8e07a7e2f,3c2fe9363760d62d5b7c9f087bb4255e3377a0b2,pkg:maven/org.springframework/spring-web@5.3.20,"cpe:2.3:a:pivotal_software:spring_framework:5.3.20:*:*:*:*:*:*:*, cpe:2.3:a:springsource:spring_framework:5.3.20:*:*:*:*:*:*:*, cpe:2.3:a:vmware:spring_framework:5.3.20:*:*:*:*:*:*:*, cpe:2.3:a:web_project:web:5.3.20:*:*:*:*:*:*:*",CVE-2024-38828,CWE-400 Uncontrolled Resource Consumption,Spring MVC controller methods with an @RequestBody byte[] method parameter are vulnerable to a DoS attack.,OSSINDEX,MEDIUM,6.900000095367432,CVSS:4.0/AV:N/AC:L/AT:N/PR:N/UI:N/VC:N/VI:N/VA:L/SC:N/SI:N/SA:N,"","","",HIGH,35,"","","","","","","",""
demo,"Mon, 23 Dec 2024 05:40:18 GMT",spring-web-5.3.20.jar,/home/riashivani9/.m2/repository/org/springframework/spring-web/5.3.20/spring-web-5.3.20.jar,Spring Web,"Apache License, Version 2.0: https://www.apache.org/licenses/LICENSE-2.0",25d3b11e5febb6c3d06a68b8e07a7e2f,3c2fe9363760d62d5b7c9f087bb4255e3377a0b2,pkg:maven/org.springframework/spring-web@5.3.20,"cpe:2.3:a:pivotal_software:spring_framework:5.3.20:*:*:*:*:*:*:*, cpe:2.3:a:springsource:spring_framework:5.3.20:*:*:*:*:*:*:*, cpe:2.3:a:vmware:spring_framework:5.3.20:*:*:*:*:*:*:*, cpe:2.3:a:web_project:web:5.3.20:*:*:*:*:*:*:*",CVE-2023-20861,NVD-CWE-noinfo,"In Spring Framework versions 6.0.0 - 6.0.6, 5.3.0 - 5.3.25, 5.2.0.RELEASE - 5.2.22.RELEASE, and older unsupported versions, it is possible for a user to provide a specially crafted SpEL expression that may cause a denial-of-service (DoS) condition.",NVD,"","","",MEDIUM,6.5,CVSS:3.1/AV:N/AC:L/PR:L/UI:N/S:U/C:N/I:N/A:H/E:2.8/RC:R/MAV:A,HIGH,35,"","","","","","","",""
demo,"Mon, 23 Dec 2024 05:40:18 GMT",spring-web-5.3.20.jar,/home/riashivani9/.m2/repository/org/springframework/spring-web/5.3.20/spring-web-5.3.20.jar,Spring Web,"Apache License, Version 2.0: https://www.apache.org/licenses/LICENSE-2.0",25d3b11e5febb6c3d06a68b8e07a7e2f,3c2fe9363760d62d5b7c9f087bb4255e3377a0b2,pkg:maven/org.springframework/spring-web@5.3.20,"cpe:2.3:a:pivotal_software:spring_framework:5.3.20:*:*:*:*:*:*:*, cpe:2.3:a:springsource:spring_framework:5.3.20:*:*:*:*:*:*:*, cpe:2.3:a:vmware:spring_framework:5.3.20:*:*:*:*:*:*:*, cpe:2.3:a:web_project:web:5.3.20:*:*:*:*:*:*:*",CVE-2023-20863,"CWE-400 Uncontrolled Resource Consumption, CWE-917 Improper Neutralization of Special Elements used in an Expression Language Statement ('Expression Language Injection')","In spring framework versions prior to 5.2.24 release+ ,5.3.27+ and 6.0.8+ , it is possible for a user to provide a specially crafted SpEL expression that may cause a denial-of-service (DoS) condition.",NVD,"","","",MEDIUM,6.5,CVSS:3.1/AV:N/AC:L/PR:L/UI:N/S:U/C:N/I:N/A:H/E:2.8/RC:R/MAV:A,HIGH,35,"","","","","","","",""
demo,"Mon, 23 Dec 2024 05:40:18 GMT",spring-web-5.3.20.jar,/home/riashivani9/.m2/repository/org/springframework/spring-web/5.3.20/spring-web-5.3.20.jar,Spring Web,"Apache License, Version 2.0: https://www.apache.org/licenses/LICENSE-2.0",25d3b11e5febb6c3d06a68b8e07a7e2f,3c2fe9363760d62d5b7c9f087bb4255e3377a0b2,pkg:maven/org.springframework/spring-web@5.3.20,"cpe:2.3:a:pivotal_software:spring_framework:5.3.20:*:*:*:*:*:*:*, cpe:2.3:a:springsource:spring_framework:5.3.20:*:*:*:*:*:*:*, cpe:2.3:a:vmware:spring_framework:5.3.20:*:*:*:*:*:*:*, cpe:2.3:a:web_project:web:5.3.20:*:*:*:*:*:*:*",CVE-2024-38820,"NVD-CWE-noinfo, CWE-178 Improper Handling of Case Sensitivity","The fix for CVE-2022-22968 made disallowedFields patterns in DataBinder case insensitive. However, String.toLowerCase() has some Locale dependent exceptions that could potentially result in fields not protected as expected.",NVD,"","","",MEDIUM,5.3,CVSS:3.1/AV:N/AC:L/PR:N/UI:N/S:U/C:N/I:L/A:N/E:3.9/RC:R/MAV:A,HIGH,35,"","","","","","","",""
demo,"Mon, 23 Dec 2024 05:40:18 GMT",spring-webmvc-5.3.20.jar,/home/riashivani9/.m2/repository/org/springframework/spring-webmvc/5.3.20/spring-webmvc-5.3.20.jar,Spring Web MVC,"Apache License, Version 2.0: https://www.apache.org/licenses/LICENSE-2.0",136b8022b6ffda56891422bda4c008a9,8ac1b72a1f5c41fdc2cb3340cd94f795af260301,pkg:maven/org.springframework/spring-webmvc@5.3.20,"cpe:2.3:a:pivotal_software:spring_framework:5.3.20:*:*:*:*:*:*:*, cpe:2.3:a:springsource:spring_framework:5.3.20:*:*:*:*:*:*:*, cpe:2.3:a:vmware:spring_framework:5.3.20:*:*:*:*:*:*:*, cpe:2.3:a:web_project:web:5.3.20:*:*:*:*:*:*:*",CVE-2024-38816,CWE-22 Improper Limitation of a Pathname to a Restricted Directory ('Path Traversal'),"Applications serving static resources through the functional web frameworks WebMvc.fn or WebFlux.fn are vulnerable to path traversal attacks. An attacker can craft malicious HTTP requests and obtain any file on the file system that is also accessible to the process in which the Spring application is running.  Specifically, an application is vulnerable when both of the following are true:    *  the web application uses RouterFunctions to serve static resources   *  resource handling is explicitly configured with a FileSystemResource location   However, malicious requests are blocked and rejected when any of the following is true:    *  the  Spring Security HTTP Firewall https://docs.spring.io/spring-security/reference/servlet/exploits/firewall.html  is in use   *  the application runs on Tomcat or Jetty",OSSINDEX,HIGH,8.199999809265137,CVSS:4.0/AV:N/AC:L/AT:P/PR:N/UI:N/VC:H/VI:N/VA:N/SC:N/SI:N/SA:N,"","","",HIGH,37,"","","","","","","",""
demo,"Mon, 23 Dec 2024 05:40:18 GMT",spring-webmvc-5.3.20.jar,/home/riashivani9/.m2/repository/org/springframework/spring-webmvc/5.3.20/spring-webmvc-5.3.20.jar,Spring Web MVC,"Apache License, Version 2.0: https://www.apache.org/licenses/LICENSE-2.0",136b8022b6ffda56891422bda4c008a9,8ac1b72a1f5c41fdc2cb3340cd94f795af260301,pkg:maven/org.springframework/spring-webmvc@5.3.20,"cpe:2.3:a:pivotal_software:spring_framework:5.3.20:*:*:*:*:*:*:*, cpe:2.3:a:springsource:spring_framework:5.3.20:*:*:*:*:*:*:*, cpe:2.3:a:vmware:spring_framework:5.3.20:*:*:*:*:*:*:*, cpe:2.3:a:web_project:web:5.3.20:*:*:*:*:*:*:*",CVE-2023-20860,NVD-CWE-noinfo,"Spring Framework running version 6.0.0 - 6.0.6 or 5.3.0 - 5.3.25 using ""**"" as a pattern in Spring Security configuration with the mvcRequestMatcher creates a mismatch in pattern matching between Spring Security and Spring MVC, and the potential for a security bypass.",NVD,"","","",HIGH,7.5,CVSS:3.1/AV:N/AC:L/PR:N/UI:N/S:U/C:N/I:H/A:N/E:3.9/RC:R/MAV:A,HIGH,37,"","","","","","","",""
demo,"Mon, 23 Dec 2024 05:40:18 GMT",spring-webmvc-5.3.20.jar,/home/riashivani9/.m2/repository/org/springframework/spring-webmvc/5.3.20/spring-webmvc-5.3.20.jar,Spring Web MVC,"Apache License, Version 2.0: https://www.apache.org/licenses/LICENSE-2.0",136b8022b6ffda56891422bda4c008a9,8ac1b72a1f5c41fdc2cb3340cd94f795af260301,pkg:maven/org.springframework/spring-webmvc@5.3.20,"cpe:2.3:a:pivotal_software:spring_framework:5.3.20:*:*:*:*:*:*:*, cpe:2.3:a:springsource:spring_framework:5.3.20:*:*:*:*:*:*:*, cpe:2.3:a:vmware:spring_framework:5.3.20:*:*:*:*:*:*:*, cpe:2.3:a:web_project:web:5.3.20:*:*:*:*:*:*:*",CVE-2023-20861,NVD-CWE-noinfo,"In Spring Framework versions 6.0.0 - 6.0.6, 5.3.0 - 5.3.25, 5.2.0.RELEASE - 5.2.22.RELEASE, and older unsupported versions, it is possible for a user to provide a specially crafted SpEL expression that may cause a denial-of-service (DoS) condition.",NVD,"","","",MEDIUM,6.5,CVSS:3.1/AV:N/AC:L/PR:L/UI:N/S:U/C:N/I:N/A:H/E:2.8/RC:R/MAV:A,HIGH,37,"","","","","","","",""
demo,"Mon, 23 Dec 2024 05:40:18 GMT",spring-webmvc-5.3.20.jar,/home/riashivani9/.m2/repository/org/springframework/spring-webmvc/5.3.20/spring-webmvc-5.3.20.jar,Spring Web MVC,"Apache License, Version 2.0: https://www.apache.org/licenses/LICENSE-2.0",136b8022b6ffda56891422bda4c008a9,8ac1b72a1f5c41fdc2cb3340cd94f795af260301,pkg:maven/org.springframework/spring-webmvc@5.3.20,"cpe:2.3:a:pivotal_software:spring_framework:5.3.20:*:*:*:*:*:*:*, cpe:2.3:a:springsource:spring_framework:5.3.20:*:*:*:*:*:*:*, cpe:2.3:a:vmware:spring_framework:5.3.20:*:*:*:*:*:*:*, cpe:2.3:a:web_project:web:5.3.20:*:*:*:*:*:*:*",CVE-2023-20863,"CWE-400 Uncontrolled Resource Consumption, CWE-917 Improper Neutralization of Special Elements used in an Expression Language Statement ('Expression Language Injection')","In spring framework versions prior to 5.2.24 release+ ,5.3.27+ and 6.0.8+ , it is possible for a user to provide a specially crafted SpEL expression that may cause a denial-of-service (DoS) condition.",NVD,"","","",MEDIUM,6.5,CVSS:3.1/AV:N/AC:L/PR:L/UI:N/S:U/C:N/I:N/A:H/E:2.8/RC:R/MAV:A,HIGH,37,"","","","","","","",""
demo,"Mon, 23 Dec 2024 05:40:18 GMT",spring-webmvc-5.3.20.jar,/home/riashivani9/.m2/repository/org/springframework/spring-webmvc/5.3.20/spring-webmvc-5.3.20.jar,Spring Web MVC,"Apache License, Version 2.0: https://www.apache.org/licenses/LICENSE-2.0",136b8022b6ffda56891422bda4c008a9,8ac1b72a1f5c41fdc2cb3340cd94f795af260301,pkg:maven/org.springframework/spring-webmvc@5.3.20,"cpe:2.3:a:pivotal_software:spring_framework:5.3.20:*:*:*:*:*:*:*, cpe:2.3:a:springsource:spring_framework:5.3.20:*:*:*:*:*:*:*, cpe:2.3:a:vmware:spring_framework:5.3.20:*:*:*:*:*:*:*, cpe:2.3:a:web_project:web:5.3.20:*:*:*:*:*:*:*",CVE-2024-38820,"NVD-CWE-noinfo, CWE-178 Improper Handling of Case Sensitivity","The fix for CVE-2022-22968 made disallowedFields patterns in DataBinder case insensitive. However, String.toLowerCase() has some Locale dependent exceptions that could potentially result in fields not protected as expected.",NVD,"","","",MEDIUM,5.3,CVSS:3.1/AV:N/AC:L/PR:N/UI:N/S:U/C:N/I:L/A:N/E:3.9/RC:R/MAV:A,HIGH,37,"","","","","","","",""
demo,"Mon, 23 Dec 2024 05:40:18 GMT",tomcat-embed-core-9.0.63.jar,/home/riashivani9/.m2/repository/org/apache/tomcat/embed/tomcat-embed-core/9.0.63/tomcat-embed-core-9.0.63.jar,Core Tomcat implementation,"Apache License, Version 2.0: http://www.apache.org/licenses/LICENSE-2.0.txt",30385c8985cbdf37dea8630da0f8b72a,f427a282d02439570f1e2af2c00376d4188c5291,pkg:maven/org.apache.tomcat.embed/tomcat-embed-core@9.0.63,"cpe:2.3:a:apache:tomcat:9.0.63:*:*:*:*:*:*:*, cpe:2.3:a:apache_tomcat:apache_tomcat:9.0.63:*:*:*:*:*:*:*",CVE-2022-42252,CWE-444 Inconsistent Interpretation of HTTP Requests ('HTTP Request/Response Smuggling'),"If Apache Tomcat 8.5.0 to 8.5.82, 9.0.0-M1 to 9.0.67, 10.0.0-M1 to 10.0.26 or 10.1.0-M1 to 10.1.0 was configured to ignore invalid HTTP headers via setting rejectIllegalHeader to false (the default for 8.5.x only), Tomcat did not reject a request containing an invalid Content-Length header making a request smuggling attack possible if Tomcat was located behind a reverse proxy that also failed to reject the request with the invalid header.",NVD,"","","",HIGH,7.5,CVSS:3.1/AV:N/AC:L/PR:N/UI:N/S:U/C:N/I:H/A:N/E:3.9/RC:R/MAV:A,HIGH,65,"","","","","","","",""
demo,"Mon, 23 Dec 2024 05:40:18 GMT",tomcat-embed-core-9.0.63.jar,/home/riashivani9/.m2/repository/org/apache/tomcat/embed/tomcat-embed-core/9.0.63/tomcat-embed-core-9.0.63.jar,Core Tomcat implementation,"Apache License, Version 2.0: http://www.apache.org/licenses/LICENSE-2.0.txt",30385c8985cbdf37dea8630da0f8b72a,f427a282d02439570f1e2af2c00376d4188c5291,pkg:maven/org.apache.tomcat.embed/tomcat-embed-core@9.0.63,"cpe:2.3:a:apache:tomcat:9.0.63:*:*:*:*:*:*:*, cpe:2.3:a:apache_tomcat:apache_tomcat:9.0.63:*:*:*:*:*:*:*",CVE-2022-45143,CWE-116 Improper Encoding or Escaping of Output,"The JsonErrorReportValve in Apache Tomcat 8.5.83, 9.0.40 to 9.0.68 and 10.1.0-M1 to 10.1.1 did not escape the type, message or description values. In some circumstances these are constructed from user provided data and it was therefore possible for users to supply values that invalidated or manipulated the JSON output.",NVD,"","","",HIGH,7.5,CVSS:3.1/AV:N/AC:L/PR:N/UI:N/S:U/C:N/I:H/A:N/E:3.9/RC:R/MAV:A,HIGH,65,"","","","","","","",""
demo,"Mon, 23 Dec 2024 05:40:18 GMT",tomcat-embed-core-9.0.63.jar,/home/riashivani9/.m2/repository/org/apache/tomcat/embed/tomcat-embed-core/9.0.63/tomcat-embed-core-9.0.63.jar,Core Tomcat implementation,"Apache License, Version 2.0: http://www.apache.org/licenses/LICENSE-2.0.txt",30385c8985cbdf37dea8630da0f8b72a,f427a282d02439570f1e2af2c00376d4188c5291,pkg:maven/org.apache.tomcat.embed/tomcat-embed-core@9.0.63,"cpe:2.3:a:apache:tomcat:9.0.63:*:*:*:*:*:*:*, cpe:2.3:a:apache_tomcat:apache_tomcat:9.0.63:*:*:*:*:*:*:*",CVE-2023-44487,"CWE-400 Uncontrolled Resource Consumption, NVD-CWE-noinfo","The HTTP/2 protocol allows a denial of service (server resource consumption) because request cancellation can reset many streams quickly, as exploited in the wild in August through October 2023.",NVD,"","","",HIGH,7.5,CVSS:3.1/AV:N/AC:L/PR:N/UI:N/S:U/C:N/I:N/A:H/E:3.9/RC:R/MAV:A,HIGH,65,IETF,HTTP/2,HTTP/2 Rapid Reset Attack Vulnerability,2023-10-10,HTTP/2 contains a rapid reset vulnerability that allows for a distributed denial-of-service attack (DDoS).,Apply mitigations per vendor instructions or discontinue use of the product if mitigations are unavailable.,2023-10-31,"This vulnerability affects a common open-source component, third-party library, or a protocol used by different products. Please check with specific vendors for information on patching status.   For more information, please see: https://blog.cloudflare.com/technical-breakdown-http2-rapid-reset-ddos-attack/ ; https://nvd.nist.gov/vuln/detail/CVE-2023-44487"
demo,"Mon, 23 Dec 2024 05:40:18 GMT",tomcat-embed-core-9.0.63.jar,/home/riashivani9/.m2/repository/org/apache/tomcat/embed/tomcat-embed-core/9.0.63/tomcat-embed-core-9.0.63.jar,Core Tomcat implementation,"Apache License, Version 2.0: http://www.apache.org/licenses/LICENSE-2.0.txt",30385c8985cbdf37dea8630da0f8b72a,f427a282d02439570f1e2af2c00376d4188c5291,pkg:maven/org.apache.tomcat.embed/tomcat-embed-core@9.0.63,"cpe:2.3:a:apache:tomcat:9.0.63:*:*:*:*:*:*:*, cpe:2.3:a:apache_tomcat:apache_tomcat:9.0.63:*:*:*:*:*:*:*",CVE-2023-46589,CWE-444 Inconsistent Interpretation of HTTP Requests ('HTTP Request/Response Smuggling'),"Improper Input Validation vulnerability in Apache Tomcat.Tomcat from 11.0.0-M1 through 11.0.0-M10, from 10.1.0-M1 through 10.1.15, from 9.0.0-M1 through 9.0.82 and from 8.5.0 through 8.5.95 did not correctly parse HTTP trailer headers. A trailer header that exceeded the header size limit could cause Tomcat to treat a single  request as multiple requests leading to the possibility of request  smuggling when behind a reverse proxy.  Users are recommended to upgrade to version 11.0.0-M11 onwards, 10.1.16 onwards, 9.0.83 onwards or 8.5.96 onwards, which fix the issue.",NVD,"","","",HIGH,7.5,CVSS:3.1/AV:N/AC:L/PR:N/UI:N/S:U/C:N/I:H/A:N/E:3.9/RC:R/MAV:A,HIGH,65,"","","","","","","",""
demo,"Mon, 23 Dec 2024 05:40:18 GMT",tomcat-embed-core-9.0.63.jar,/home/riashivani9/.m2/repository/org/apache/tomcat/embed/tomcat-embed-core/9.0.63/tomcat-embed-core-9.0.63.jar,Core Tomcat implementation,"Apache License, Version 2.0: http://www.apache.org/licenses/LICENSE-2.0.txt",30385c8985cbdf37dea8630da0f8b72a,f427a282d02439570f1e2af2c00376d4188c5291,pkg:maven/org.apache.tomcat.embed/tomcat-embed-core@9.0.63,"cpe:2.3:a:apache:tomcat:9.0.63:*:*:*:*:*:*:*, cpe:2.3:a:apache_tomcat:apache_tomcat:9.0.63:*:*:*:*:*:*:*",CVE-2022-34305,CWE-79 Improper Neutralization of Input During Web Page Generation ('Cross-site Scripting'),"In Apache Tomcat 10.1.0-M1 to 10.1.0-M16, 10.0.0-M1 to 10.0.22, 9.0.30 to 9.0.64 and 8.5.50 to 8.5.81 the Form authentication example in the examples web application displayed user provided data without filtering, exposing a XSS vulnerability.",NVD,MEDIUM,4.3,/AV:N/AC:M/Au:N/C:N/I:P/A:N,MEDIUM,6.1,CVSS:3.1/AV:N/AC:L/PR:N/UI:R/S:C/C:L/I:L/A:N/E:2.8/RC:R/MAV:A,HIGH,65,"","","","","","","",""
demo,"Mon, 23 Dec 2024 05:40:18 GMT",tomcat-embed-core-9.0.63.jar,/home/riashivani9/.m2/repository/org/apache/tomcat/embed/tomcat-embed-core/9.0.63/tomcat-embed-core-9.0.63.jar,Core Tomcat implementation,"Apache License, Version 2.0: http://www.apache.org/licenses/LICENSE-2.0.txt",30385c8985cbdf37dea8630da0f8b72a,f427a282d02439570f1e2af2c00376d4188c5291,pkg:maven/org.apache.tomcat.embed/tomcat-embed-core@9.0.63,"cpe:2.3:a:apache:tomcat:9.0.63:*:*:*:*:*:*:*, cpe:2.3:a:apache_tomcat:apache_tomcat:9.0.63:*:*:*:*:*:*:*",CVE-2023-41080,CWE-601 URL Redirection to Untrusted Site ('Open Redirect'),"URL Redirection to Untrusted Site ('Open Redirect') vulnerability in FORM authentication feature Apache Tomcat.This issue affects Apache Tomcat: from 11.0.0-M1 through 11.0.0-M10, from 10.1.0-M1 through 10.0.12, from 9.0.0-M1 through 9.0.79 and from 8.5.0 through 8.5.92.  The vulnerability is limited to the ROOT (default) web application.",NVD,"","","",MEDIUM,6.1,CVSS:3.1/AV:N/AC:L/PR:N/UI:R/S:C/C:L/I:L/A:N/E:2.8/RC:R/MAV:A,HIGH,65,"","","","","","","",""
demo,"Mon, 23 Dec 2024 05:40:18 GMT",tomcat-embed-core-9.0.63.jar,/home/riashivani9/.m2/repository/org/apache/tomcat/embed/tomcat-embed-core/9.0.63/tomcat-embed-core-9.0.63.jar,Core Tomcat implementation,"Apache License, Version 2.0: http://www.apache.org/licenses/LICENSE-2.0.txt",30385c8985cbdf37dea8630da0f8b72a,f427a282d02439570f1e2af2c00376d4188c5291,pkg:maven/org.apache.tomcat.embed/tomcat-embed-core@9.0.63,"cpe:2.3:a:apache:tomcat:9.0.63:*:*:*:*:*:*:*, cpe:2.3:a:apache_tomcat:apache_tomcat:9.0.63:*:*:*:*:*:*:*",CVE-2023-42795,CWE-459 Incomplete Cleanup,"Incomplete Cleanup vulnerability in Apache Tomcat.When recycling various internal objects in Apache Tomcat from 11.0.0-M1 through 11.0.0-M11, from 10.1.0-M1 through 10.1.13, from 9.0.0-M1 through 9.0.80 and from 8.5.0 through 8.5.93, an error could  cause Tomcat to skip some parts of the recycling process leading to  information leaking from the current request/response to the next.  Users are recommended to upgrade to version 11.0.0-M12 onwards, 10.1.14 onwards, 9.0.81 onwards or 8.5.94 onwards, which fixes the issue.",NVD,"","","",MEDIUM,5.3,CVSS:3.1/AV:N/AC:L/PR:N/UI:N/S:U/C:L/I:N/A:N/E:3.9/RC:R/MAV:A,HIGH,65,"","","","","","","",""
demo,"Mon, 23 Dec 2024 05:40:18 GMT",tomcat-embed-core-9.0.63.jar,/home/riashivani9/.m2/repository/org/apache/tomcat/embed/tomcat-embed-core/9.0.63/tomcat-embed-core-9.0.63.jar,Core Tomcat implementation,"Apache License, Version 2.0: http://www.apache.org/licenses/LICENSE-2.0.txt",30385c8985cbdf37dea8630da0f8b72a,f427a282d02439570f1e2af2c00376d4188c5291,pkg:maven/org.apache.tomcat.embed/tomcat-embed-core@9.0.63,"cpe:2.3:a:apache:tomcat:9.0.63:*:*:*:*:*:*:*, cpe:2.3:a:apache_tomcat:apache_tomcat:9.0.63:*:*:*:*:*:*:*",CVE-2023-45648,"CWE-20 Improper Input Validation, NVD-CWE-Other","Improper Input Validation vulnerability in Apache Tomcat.Tomcat from 11.0.0-M1 through 11.0.0-M11, from 10.1.0-M1 through 10.1.13, from 9.0.0-M1 through 9.0.81 and from 8.5.0 through 8.5.93 did not correctly parse HTTP trailer headers. A specially  crafted, invalid trailer header could cause Tomcat to treat a single  request as multiple requests leading to the possibility of request  smuggling when behind a reverse proxy.  Users are recommended to upgrade to version 11.0.0-M12 onwards, 10.1.14 onwards, 9.0.81 onwards or 8.5.94 onwards, which fix the issue.",NVD,"","","",MEDIUM,5.3,CVSS:3.1/AV:N/AC:L/PR:N/UI:N/S:U/C:N/I:L/A:N/E:3.9/RC:R/MAV:A,HIGH,65,"","","","","","","",""
demo,"Mon, 23 Dec 2024 05:40:18 GMT",tomcat-embed-core-9.0.63.jar,/home/riashivani9/.m2/repository/org/apache/tomcat/embed/tomcat-embed-core/9.0.63/tomcat-embed-core-9.0.63.jar,Core Tomcat implementation,"Apache License, Version 2.0: http://www.apache.org/licenses/LICENSE-2.0.txt",30385c8985cbdf37dea8630da0f8b72a,f427a282d02439570f1e2af2c00376d4188c5291,pkg:maven/org.apache.tomcat.embed/tomcat-embed-core@9.0.63,"cpe:2.3:a:apache:tomcat:9.0.63:*:*:*:*:*:*:*, cpe:2.3:a:apache_tomcat:apache_tomcat:9.0.63:*:*:*:*:*:*:*",CVE-2023-28708,CWE-523 Unprotected Transport of Credentials,"When using the RemoteIpFilter with requests received from a    reverse proxy via HTTP that include the X-Forwarded-Proto    header set to https, session cookies created by Apache Tomcat 11.0.0-M1 to 11.0.0.-M2, 10.1.0-M1 to 10.1.5, 9.0.0-M1 to 9.0.71 and 8.5.0 to 8.5.85 did not include the secure attribute. This could result in the user agent transmitting the session cookie over an insecure channel.",NVD,"","","",MEDIUM,4.3,CVSS:3.1/AV:N/AC:L/PR:N/UI:R/S:U/C:L/I:N/A:N/E:2.8/RC:R/MAV:A,HIGH,65,"","","","","","","",""
